Label,RMSE,MAE,MSE,Bias,R,Willmott Skill,Obs StdDev,Model StdDev
sat,22.613207266045716,16.928571428571427,511.35714285714283,-11.071428571428571,0.4093675485822062,0.6044149239088146,18.926954108802995,17.26563178155745
C09,14.181063574448995,10.794871794871796,201.10256410256412,2.3333333333333335,0.2702185296573881,0.5579656047584606,11.695905879096149,11.458182265455651
