Label,RMSE,MAE,MSE,Bias,R,Willmott Skill,Obs StdDev,Model StdDev
sat,27.593995205996748,22.142857142857142,761.4285714285714,-20.285714285714285,0.41326626296264585,0.5653668054867926,18.926954108802995,15.093078559663144
C09,13.40876100894008,10.461538461538462,179.7948717948718,-0.8205128205128205,0.3469243988516867,0.6067984037240344,11.695905879096149,11.725156286413773
