Label,RMSE,MAE,MSE,Bias,R,Willmott Skill,Obs StdDev,Model StdDev
sat,26.557215860961673,19.571428571428573,705.2857142857143,-15.142857142857142,0.3918161012562604,0.6002016237321048,18.926954108802995,20.559148120206036
C09,24.402605997867923,18.46153846153846,595.4871794871794,-11.58974358974359,0.1062564999026593,0.35786277839419567,11.695905879096149,19.295889742293447
