Label,RMSE,MAE,MSE,Bias,R,Willmott Skill,Obs StdDev,Model StdDev
sat,25.511901984312008,18.285714285714285,650.8571428571429,-14.285714285714286,0.4227315895810155,0.6042295831490343,18.926954108802995,20.352631078971946
C09,24.597268974941933,18.76923076923077,605.025641025641,-12.512820512820513,0.09713542081172197,0.3536515094070639,11.695905879096149,18.82652038541603
