Label,RMSE,MAE,MSE,Bias,R,Willmott Skill,Obs StdDev,Model StdDev
sat,19.36122782411133,14.0,374.85714285714283,-10.428571428571429,0.5608317824693132,0.7027797362429062,18.926954108802995,15.147741799775078
C09,24.402605997867923,18.46153846153846,595.4871794871794,-11.58974358974359,0.1062564999026593,0.35786277839419567,11.695905879096149,19.295889742293447
