Label,RMSE,MAE,MSE,Bias,R,Willmott Skill,Obs StdDev,Model StdDev
sat,14.567576521655402,11.785714285714286,212.21428571428572,-4.214285714285714,0.6764260345419432,0.7857462433955877,18.926954108802995,13.167678424917614
C09,13.40876100894008,10.461538461538462,179.7948717948718,-0.8205128205128205,0.3469243988516867,0.6067984037240344,11.695905879096149,11.725156286413773
