Label,RMSE,MAE,MSE,Bias,R,Willmott Skill,Obs StdDev,Model StdDev
sat,26.089132931986395,21.928571428571427,680.6428571428571,-17.071428571428573,0.2271029768609111,0.4813014759303159,18.926954108802995,11.330832056916243
C09,13.177292045068503,10.0,173.64102564102564,3.7948717948717947,0.38278584412756794,0.6140840101585985,11.695905879096149,10.995426698588085
