Label,RMSE,MAE,MSE,Bias,R,Willmott Skill,Obs StdDev,Model StdDev
sat,31.99888390910801,23.642857142857142,1023.9285714285714,-19.214285714285715,0.32750613386740146,0.5239103853640815,18.926954108802995,24.499895876496772
C09,24.402605997867923,18.46153846153846,595.4871794871794,-11.58974358974359,0.1062564999026593,0.35786277839419567,11.695905879096149,19.295889742293447
