Label,RMSE,MAE,MSE,Bias,R,Willmott Skill,Obs StdDev,Model StdDev
sat,22.43721398544328,17.428571428571427,503.42857142857144,-13.857142857142858,0.4348062026232704,0.6055865117877957,18.926954108802995,12.80166602678044
C09,15.292867450932636,11.307692307692308,233.87179487179486,-2.58974358974359,0.2983777695827891,0.5461040659604741,11.695905879096149,13.61647105617563
