Label,RMSE,MAE,MSE,Bias,R,Willmott Skill,Obs StdDev,Model StdDev
sat,25.019992006393608,18.0,626.0,-14.714285714285714,0.38425728533865705,0.5947688611543873,18.926954108802995,17.47841234091883
C09,15.292867450932636,11.307692307692308,233.87179487179486,-2.58974358974359,0.2983777695827891,0.5461040659604741,11.695905879096149,13.61647105617563
