Label,RMSE,MAE,MSE,Bias,R,Willmott Skill,Obs StdDev,Model StdDev
sat,26.637781975446615,19.857142857142858,709.5714285714286,-16.428571428571427,0.4034418390458258,0.596156749913302,18.926954108802995,19.45756764797466
C09,24.597268974941933,18.76923076923077,605.025641025641,-12.512820512820513,0.09713542081172197,0.3536515094070639,11.695905879096149,18.82652038541603
