Label,RMSE,MAE,MSE,Bias,R,Willmott Skill,Obs StdDev,Model StdDev
sat,36.00991926836668,28.857142857142858,1296.7142857142858,-25.857142857142858,0.34258934684288495,0.492339835651024,18.926954108802995,24.145921191871757
C09,24.402605997867923,18.46153846153846,595.4871794871794,-11.58974358974359,0.1062564999026593,0.35786277839419567,11.695905879096149,19.295889742293447
