Label,RMSE,MAE,MSE,Bias,R,Willmott Skill,Obs StdDev,Model StdDev
sat,17.70794817508309,13.571428571428571,313.57142857142856,-6.571428571428571,0.4955042976920041,0.6347207977014461,18.926954108802995,9.043263362575368
C09,13.177292045068503,10.0,173.64102564102564,3.7948717948717947,0.38278584412756794,0.6140840101585985,11.695905879096149,10.995426698588085
