Label,RMSE,MAE,MSE,Bias,R,Willmott Skill,Obs StdDev,Model StdDev
sat,14.618970063389751,12.0,213.71428571428572,-3.142857142857143,0.6583858166365772,0.782382235284513,18.926954108802995,13.404423576885781
C09,15.350603429214946,11.487179487179487,235.64102564102564,-4.051282051282051,0.32337675667100535,0.5538194999723254,11.695905879096149,13.617774670710649
