Label,RMSE,MAE,MSE,Bias,R,Willmott Skill,Obs StdDev,Model StdDev
sat,29.314793924862286,22.214285714285715,859.3571428571429,-20.071428571428573,0.3420490161579416,0.550924099096697,18.926954108802995,18.313594816475568
C09,24.402605997867923,18.46153846153846,595.4871794871794,-11.58974358974359,0.1062564999026593,0.35786277839419567,11.695905879096149,19.295889742293447
