Label,RMSE,MAE,MSE,Bias,R,Willmott Skill,Obs StdDev,Model StdDev
sat,28.158987400625247,21.357142857142858,792.9285714285714,-20.5,0.36034013174214063,0.5423400395778363,18.926954108802995,14.628041285036582
C09,15.292867450932636,11.307692307692308,233.87179487179486,-2.58974358974359,0.2983777695827891,0.5461040659604741,11.695905879096149,13.61647105617563
