Label,RMSE,MAE,MSE,Bias,R,Willmott Skill,Obs StdDev,Model StdDev
sat,21.87137725103618,15.928571428571429,478.35714285714283,-14.071428571428571,0.5273927216212134,0.6573612620768217,18.926954108802995,14.646863563401483
C09,15.292867450932636,11.307692307692308,233.87179487179486,-2.58974358974359,0.2983777695827891,0.5461040659604741,11.695905879096149,13.61647105617563
