Label,RMSE,MAE,MSE,Bias,R,Willmott Skill,Obs StdDev,Model StdDev
sat,12.162589010098607,10.5,147.92857142857142,0.07142857142857142,0.7815321528436241,0.8322353357392844,18.926954108802995,11.876919823329445
C09,14.181063574448995,10.794871794871796,201.10256410256412,2.3333333333333335,0.2702185296573881,0.5579656047584606,11.695905879096149,11.458182265455651
