Label,RMSE,MAE,MSE,Bias,R,Willmott Skill,Obs StdDev,Model StdDev
sat,22.71720556255607,18.5,516.0714285714286,-11.928571428571429,0.09290062450451404,0.4730720113832221,18.926954108802995,6.076048662324782
C09,13.264566255581746,10.256410256410257,175.94871794871796,0.41025641025641024,0.3600194207155556,0.6164396257910281,11.695905879096149,11.741798094210575
