Label,RMSE,MAE,MSE,Bias,R,Willmott Skill,Obs StdDev,Model StdDev
sat,31.76026268333254,26.0,1008.7142857142857,-21.571428571428573,0.4446177027531967,0.5453946421872731,18.926954108802995,24.414469613952548
C09,24.402605997867923,18.46153846153846,595.4871794871794,-11.58974358974359,0.1062564999026593,0.35786277839419567,11.695905879096149,19.295889742293447
