Label,RMSE,MAE,MSE,Bias,R,Willmott Skill,Obs StdDev,Model StdDev
sat,32.33529694577473,26.428571428571427,1045.5714285714287,-23.714285714285715,0.01016796047085318,0.4188168126656516,18.926954108802995,11.373303865470515
C09,24.597268974941933,18.76923076923077,605.025641025641,-12.512820512820513,0.09713542081172197,0.3536515094070639,11.695905879096149,18.82652038541603
