Label,RMSE,MAE,MSE,Bias,R,Willmott Skill,Obs StdDev,Model StdDev
sat,25.920207230212164,17.857142857142858,671.8571428571429,-15.142857142857142,0.37462364298994216,0.5912429604008691,18.926954108802995,18.692053315322454
C09,24.597268974941933,18.76923076923077,605.025641025641,-12.512820512820513,0.09713542081172197,0.3536515094070639,11.695905879096149,18.82652038541603
