Label,RMSE,MAE,MSE,Bias,R,Willmott Skill,Obs StdDev,Model StdDev
sat,11.398621470536312,9.642857142857142,129.92857142857142,-1.2142857142857142,0.801996506308659,0.873289253519585,18.926954108802995,14.381110059053587
C09,24.402605997867923,18.46153846153846,595.4871794871794,-11.58974358974359,0.1062564999026593,0.35786277839419567,11.695905879096149,19.295889742293447
