Label,RMSE,MAE,MSE,Bias,R,Willmott Skill,Obs StdDev,Model StdDev
sat,30.37738820711409,24.928571428571427,922.7857142857143,-21.357142857142858,0.05965996811214372,0.4260367100911042,18.926954108802995,11.603131174869329
C09,24.402605997867923,18.46153846153846,595.4871794871794,-11.58974358974359,0.1062564999026593,0.35786277839419567,11.695905879096149,19.295889742293447
