Label,RMSE,MAE,MSE,Bias,R,Willmott Skill,Obs StdDev,Model StdDev
sat,17.322569918214462,13.357142857142858,300.07142857142856,-5.928571428571429,0.5866031764577053,0.7532993451644758,18.926954108802995,16.576353947840325
C09,24.597268974941933,18.76923076923077,605.025641025641,-12.512820512820513,0.09713542081172197,0.3536515094070639,11.695905879096149,18.82652038541603
