Label,RMSE,MAE,MSE,Bias,R,Willmott Skill,Obs StdDev,Model StdDev
sat,24.705407158295184,18.071428571428573,610.3571428571429,-12.785714285714286,0.43087853805024706,0.6354725306105392,18.926954108802995,20.61156798241894
C09,24.597268974941933,18.76923076923077,605.025641025641,-12.512820512820513,0.09713542081172197,0.3536515094070639,11.695905879096149,18.82652038541603
