Label,RMSE,MAE,MSE,Bias,R,Willmott Skill,Obs StdDev,Model StdDev
sat,31.99888390910801,23.642857142857142,1023.9285714285714,-19.214285714285715,0.32750613386740146,0.5239103853640815,18.926954108802995,24.499895876496772
C09,23.319409765147828,16.82051282051282,543.7948717948718,-7.743589743589744,0.07019959605814168,0.3484937829601995,11.695905879096149,19.468074305379133
