Label,RMSE,MAE,MSE,Bias,R,Willmott Skill,Obs StdDev,Model StdDev
sat,29.79333578407858,24.5,887.6428571428571,-19.642857142857142,-0.025579673146950272,0.4157218522712006,18.926954108802995,11.507761356083616
C09,14.181063574448995,10.794871794871796,201.10256410256412,2.3333333333333335,0.2702185296573881,0.5579656047584606,11.695905879096149,11.458182265455651
