Label,RMSE,MAE,MSE,Bias,R,Willmott Skill,Obs StdDev,Model StdDev
sat,26.62973633258236,19.857142857142858,709.1428571428571,-18.142857142857142,0.43520720091941634,0.5943511078646213,18.926954108802995,17.702905330562473
C09,15.350603429214946,11.487179487179487,235.64102564102564,-4.051282051282051,0.32337675667100535,0.5538194999723254,11.695905879096149,13.617774670710649
