Month,xvelocMean10m
1,-0.5058644253790903
2,-0.5575887869114127
3,-0.5101072426177174
4,-0.5986203112529929
5,-0.8136337789305668
6,-0.7161961292897047
7,-0.4756713886671987
8,-0.33618166400638466
9,-0.3651616121308859
10,-0.48369612928970473
11,-0.5634003391859537
12,-0.5597770351157223
