Month,TempVertMean
1,2.947756883479649
2,2.8921024541101357
3,2.8891335794094175
4,2.948463188347965
5,3.060333200319234
6,3.184332102952913
7,3.2842453112529926
8,3.340128691141261
9,3.3305910814046285
10,3.276235035913807
11,3.1860724261771747
12,3.0588986432561853
