Month,yvelocMean4m
1,0.15454658818834793
2,-0.07771997206703912
3,-0.11636522346368719
4,-0.8582472067039106
5,-0.7986208100558659
6,-1.3009467278531526
7,-2.822805766161213
8,-3.0163472665602553
9,-3.234332102952913
10,-1.586092877094972
11,0.25398094573024743
12,0.06086642059058263
