Month,MixedLyrZ
1,12.523026735833998
2,12.229216380686353
3,11.736640063846767
4,10.917248603351954
5,10.241295889864325
6,10.013120011971269
7,9.925589086193137
8,9.946792697525938
9,10.053382382282521
10,10.541432063048683
11,11.664097665602553
12,12.510395051875498
