Month,TempVertMean10m
1,6.233382382282522
2,6.283450219473265
3,7.025570131683959
4,8.492413707102953
5,10.645412509976058
6,12.630456404628891
7,13.947433160415006
8,14.166422086991222
9,12.785807561851556
10,10.671193136472466
11,8.597323423782921
12,6.974104150039904
