Month,SalinVertMean10m
1,26.37214684756584
2,26.423211292897047
3,26.516089884277733
4,26.290770151636075
5,24.99987330407023
6,23.42763467677574
7,23.507883579409416
8,24.564583499600957
9,25.661839086193133
10,26.340439445331207
11,26.279100159616917
12,26.31493266161213
