Month,SalinVertMean4m
1,26.235049381484437
2,26.322462589784514
3,26.478943535514766
4,25.928740023942538
5,23.28543046687949
6,20.668241221069433
7,21.097375299281726
8,22.916766260973663
9,24.81951117318436
10,25.937305965682363
11,25.89217877094972
12,26.101371707901034
