Label,RMSE,MAE,MSE,Bias,R,Willmott Skill,Obs StdDev,Model StdDev
sat,36.03074084326168,29.071428571428573,1298.2142857142858,-26.071428571428573,0.345330705607233,0.4920508807512337,18.926954108802995,23.94253324022301
C09,24.597268974941933,18.76923076923077,605.025641025641,-12.512820512820513,0.09713542081172197,0.3536515094070639,11.695905879096149,18.82652038541603
