Label,RMSE,MAE,MSE,Bias,R,Willmott Skill,Obs StdDev,Model StdDev
sat,29.281881282263466,21.142857142857142,857.4285714285714,-20.714285714285715,0.30076803581844497,0.5237896304932155,18.926954108802995,15.818001886251922
C09,24.597268974941933,18.76923076923077,605.025641025641,-12.512820512820513,0.09713542081172197,0.3536515094070639,11.695905879096149,18.82652038541603
