R,obs_std,model_std,centered_RMSE,RMSE,Bias,MAE,WSS,N,Group,Model
0.6626157615211767,1.1740637487914365,0.9302471828384621,0.8924169790011008,0.8926562739679813,-0.020667826323743893,0.7218518587943145,0.8002109709319489,34,Diatoms,Ecospace
0.6804893131608805,1.1740637487914365,1.0801168941137536,0.9050887732306397,0.9055210378806323,-0.027976107954346744,0.7285772372477292,0.8257250992539795,34,Diatoms,SSC
0.2847824464692562,2.4559817713410426,0.9196574332282076,2.3645637519455027,2.3994849450195574,0.4078802083466601,1.7747684560607069,0.45114365230951226,35,Nanophytoplankton,Ecospace
0.5352161224760261,2.4559817713410426,1.090817242202364,2.086626835332873,2.114293029381237,0.3409156261581578,1.6739488424386797,0.5854547182269413,35,Nanophytoplankton,SSC
0.5327560081534364,1.3704148585313767,0.9259907224412589,1.1761675345816442,1.1796912819791134,0.0911123008910485,0.9841114379325043,0.7047926751619629,31,Picoplankton,Ecospace
0.6420586414550572,1.1942271142352863,0.9143542394005818,0.9273804735282317,0.9294647311740909,0.06221047994572625,0.634025464265142,0.7864683977956786,35,Dinoflagellates,Ecospace
