R,obs_std,model_std,centered_RMSE,RMSE,Bias,MAE,WSS,N,Group,Model
0.7263843145329988,1.1915016971024905,0.9248300912857427,0.8210530034040794,0.8440878032325771,-0.1958473516980479,0.7278732549581588,0.8269495419991726,34,Diatoms,Ecospace
0.5923596290753138,1.1915016971024905,1.071591074544747,1.0272931009286668,1.0415137695821324,-0.17152205984522112,0.8381250280755909,0.7754167264467792,34,Diatoms,SSC
0.5064290592357773,1.170002381101909,0.8915052614023381,1.0522414613941673,1.0541233052504133,-0.06295911050136434,0.8323604621799848,0.6912345373756867,35,Nanophytoplankton,Ecospace
0.5878884825463814,1.170002381101909,1.0440499444545297,1.011279477428635,1.0236051321858364,-0.15837072068046637,0.8489780149731885,0.7563578660918937,35,Nanophytoplankton,SSC
0.5623059695895826,1.554626373794463,0.9338289998641792,1.2869493158697853,1.2916528148195043,-0.11012925321385214,1.1115905107463533,0.6934963694432275,31,Picoplankton,Ecospace
0.5696001247867215,1.2936465995586812,0.9079237730993669,1.0769491089218286,1.0772817226203217,-0.026768016069318865,0.7644899617964591,0.7197957283708574,35,Dinoflagellates,Ecospace
