Label,RMSE,MAE,MSE,Bias,R,Willmott Skill,Obs StdDev,Model StdDev
sat,14.604304649168144,11.571428571428571,213.28571428571428,-4.857142857142857,0.68597421971322,0.7848972001087907,18.926954108802995,12.80166602678044
C09,13.264566255581746,10.256410256410257,175.94871794871796,0.41025641025641024,0.3600194207155556,0.6164396257910281,11.695905879096149,11.741798094210575
