Label,RMSE,MAE,MSE,Bias,R,Willmott Skill,Obs StdDev,Model StdDev
sat,26.375042315470456,18.357142857142858,695.6428571428571,-17.5,0.3810045072140436,0.5714642348810374,18.926954108802995,16.330764757077986
C09,13.40876100894008,10.461538461538462,179.7948717948718,-0.8205128205128205,0.3469243988516867,0.6067984037240344,11.695905879096149,11.725156286413773
