Label,RMSE,MAE,MSE,Bias,R,Willmott Skill,Obs StdDev,Model StdDev
sat,15.348336345396806,11.857142857142858,235.57142857142858,-7.428571428571429,0.7072306749755353,0.7962619061126975,18.926954108802995,14.54146078056304
C09,13.264566255581746,10.256410256410257,175.94871794871796,0.41025641025641024,0.3600194207155556,0.6164396257910281,11.695905879096149,11.741798094210575
