Label,RMSE,MAE,MSE,Bias,R,Willmott Skill,Obs StdDev,Model StdDev
sat,24.483230412438868,18.571428571428573,599.4285714285714,-16.857142857142858,0.4229227553512171,0.5959942111969911,18.926954108802995,12.59919822521923
C09,13.40876100894008,10.461538461538462,179.7948717948718,-0.8205128205128205,0.3469243988516867,0.6067984037240344,11.695905879096149,11.725156286413773
