Label,RMSE,MAE,MSE,Bias,R,Willmott Skill,Obs StdDev,Model StdDev
sat,24.24134602580593,15.5,587.6428571428571,-13.214285714285714,0.3445620143585167,0.596643456561349,18.926954108802995,16.386903680832994
C09,24.597268974941933,18.76923076923077,605.025641025641,-12.512820512820513,0.09713542081172197,0.3536515094070639,11.695905879096149,18.82652038541603
