Label,RMSE,MAE,MSE,Bias,R,Willmott Skill,Obs StdDev,Model StdDev
sat,14.41972854905984,11.357142857142858,207.92857142857142,-3.357142857142857,0.685149655024701,0.811897339325653,18.926954108802995,15.53534482319302
C09,24.402605997867923,18.46153846153846,595.4871794871794,-11.58974358974359,0.1062564999026593,0.35786277839419567,11.695905879096149,19.295889742293447
