Label,RMSE,MAE,MSE,Bias,R,Willmott Skill,Obs StdDev,Model StdDev
sat,19.45507645834372,13.785714285714286,378.5,-11.071428571428571,0.5745030571404158,0.7002904164867916,18.926954108802995,14.864695882306822
C09,13.197707648659565,10.23076923076923,174.17948717948718,-0.4358974358974359,0.3837428809940135,0.634152336753609,11.695905879096149,12.06049838529798
