Label,RMSE,MAE,MSE,Bias,R,Willmott Skill,Obs StdDev,Model StdDev
sat,29.65275222109601,23.0,879.2857142857143,-22.0,0.3205330308356431,0.521111306946383,18.926954108802995,14.66096441408342
C09,24.597268974941933,18.76923076923077,605.025641025641,-12.512820512820513,0.09713542081172197,0.3536515094070639,11.695905879096149,18.82652038541603
