Label,RMSE,MAE,MSE,Bias,R,Willmott Skill,Obs StdDev,Model StdDev
sat,20.306578807301413,15.5,412.35714285714283,-7.214285714285714,0.4891195338475161,0.6937287790596958,18.926954108802995,18.626840410372054
C09,24.402605997867923,18.46153846153846,595.4871794871794,-11.58974358974359,0.1062564999026593,0.35786277839419567,11.695905879096149,19.295889742293447
