Label,RMSE,MAE,MSE,Bias,R,Willmott Skill,Obs StdDev,Model StdDev
sat,11.398621470536312,9.642857142857142,129.92857142857142,-1.2142857142857142,0.801996506308659,0.873289253519585,18.926954108802995,14.381110059053587
C09,24.597268974941933,18.76923076923077,605.025641025641,-12.512820512820513,0.09713542081172197,0.3536515094070639,11.695905879096149,18.82652038541603
