N,MB,MAE,RMSE,NRMSE,r,R2,MAPE,NSE,WSS,Group
19,0.0230251584920583,0.8484246423290319,0.9880754813130116,0.9880754813130116,0.5628009106360067,0.31674486501271837,221.9677618191129,0.051132107757869805,0.7416613263575853,ZC2-AMP
19,-0.011583781150130888,0.8355412803779866,1.0325848126654074,1.0325848126654074,0.4908833975145035,0.24096650995538205,330.4635180854828,-0.09261139797625528,0.6914174640416637,ZC5-CSM
19,-0.011407595731166061,0.8975809302925274,1.1420266686487366,1.1420266686487366,0.4444609985896357,0.19754557926729616,199.36621661469735,-0.10134256419786847,0.6670168471977224,Total
19,-0.09603213278471916,1.0291318512143388,1.3009830693047324,1.3009830693047324,0.24871721889836126,0.061860254976535356,659.4349131523068,-0.4681539629762046,0.5525383791786083,ZC4-CLG
19,0.0875987437859268,1.0095713315704575,1.3751296698903208,1.3751296698903208,0.052068678083322786,0.0027111472373446987,230.4659608761179,-1.2262771006769095,0.4211924397180461,ZC3-DEC
19,0.07993177494538321,1.1447657621566962,1.3999810551435894,1.3999810551435894,0.03438538998312631,0.0011823550442916833,1092.6594684979946,-1.2116422348955767,0.3315864732492211,ZC1-EUP
