N,MB,MAE,RMSE,NRMSE,r,R2,MAPE,NSE,WSS,group
17,-0.19271147018196444,0.5502210770449321,0.6294720332426956,0.6294720332426956,0.5681263254701124,0.32276752169217215,347.64091420089295,-0.12382933139509933,0.7194133812692789,ZC1-EUP
17,-0.3573092783412538,0.6573755892527252,0.7135781527836547,0.7135781527836547,0.46976472911440076,0.22067890071992632,305.38348616057067,-0.5961177573393317,0.6271216682719192,ZC2-AMP
17,0.04514986247316152,0.4870680589626252,0.6007193862945759,0.6007193862945759,0.6149115606346857,0.3781162274021847,919.6184826579295,-0.0307242574698654,0.7666626461490631,ZC3-DEC
17,-0.15475164147084425,0.5105418724098787,0.6389167708653404,0.6389167708653404,0.6191094246952441,0.3832964797464761,3282.262158038671,0.16690602586476222,0.7728890990076871,ZC4-CLG
17,-0.15353099189155586,0.386839114299418,0.4643469462674443,0.4643469462674443,0.8597018429020141,0.7390872586891194,142.9733320170095,-0.18838745530346057,0.8411653678402318,ZC5-CSM
17,-0.12665151686043033,0.37430879648451104,0.4584779636319775,0.4584779636319775,0.7935264357938093,0.6296842043036266,238.0196225796451,0.4921836683414226,0.8767843852198234,Total
