N,MB,MAE,RMSE,NRMSE,r,R2,MAPE,NSE,WSS,group
16,0.19933148054600058,0.9700495515319036,1.1208287069318357,1.1208287069318357,-0.1594022100612052,0.025409064572396587,444.9313907926565,-1.9222041218816708,0.31460119946300835,ZS2-CTH
16,0.6042422156350833,1.2950461697552034,1.601123536631107,1.601123536631107,-0.576098264092584,0.3318892098904887,803.887934744909,-4.373292793662558,0.1271011441991542,ZS3-CHA
14,-0.18102768444085743,0.5965735103244331,0.7253723843207066,0.7253723843207066,0.4779114815203859,0.22839938416901012,166.5885690205274,-0.006415587551208191,0.6660514223783667,ZS4-LAR
16,0.6065647983529668,1.3979345771871503,1.7722287614068357,1.7722287614068357,-0.6763576988085381,0.45745973673758117,568.0377329947636,-4.276102528197126,0.08218272677815319,Total
