N,MB,MAE,RMSE,NRMSE,r,R2,MAPE,NSE,WSS,Group
18,0.3916879948297313,1.240303332557918,1.5484633547767983,1.5484633547767983,-0.05591054299306478,0.003125988817779345,924.1614912013163,-2.2955395767725677,0.33265884430105463,ZC2-AMP
17,0.04531000778089687,1.409686582420711,1.7870074237833915,1.7870074237833915,-0.34298997021777466,0.11764211966998996,263.73833934598684,-1.103692557349102,0.23367979934485172,ZC1-EUP
18,0.30110704972366453,1.250353007809892,1.7429551569923238,1.7429551569923238,-0.13133803772680652,0.017249680153928054,567.4824888291544,-1.56015757113672,0.220938703800325,ZC3-DEC
18,0.06546790946515746,1.6069196511286428,2.012966406560363,2.012966406560363,-0.41700730138899655,0.1738950894117334,236.4301122994601,-2.0465198543539627,0.10773180539832217,ZC4-CLG
18,0.23841898573385245,1.5942012173583546,2.177317669040707,2.177317669040707,-0.6351463948300445,0.4034109428656028,365.7837658602127,-2.92858017095741,0.10571815394402306,ZC5-CSM
18,0.15805384462568442,1.886428619862742,2.279858222951964,2.279858222951964,-0.49903640837661795,0.24903733688543458,305.2374941070807,-1.4099564767871229,0.09039033595635804,Total
