series,n,bias,obs_std,model_std,MAE,RMSE,r,WSS
matched,66,0.5764533480255682,1.580724414751941,0.6927668687425362,1.2836546946289213,1.4815374639946661,0.4964527880129901,0.5867371528609209
