Label,RMSE,MAE,MSE,Bias,R,Willmott Skill,Obs StdDev,Model StdDev
sat,12.276574673510757,10.285714285714286,150.71428571428572,1.5714285714285714,0.766573324573164,0.8643562135192472,18.926954108802995,15.232383602183921
C09,13.420229659084233,10.256410256410257,180.10256410256412,0.5641025641025641,0.3362759945206561,0.6032778995775627,11.695905879096149,11.578903485095632
