N,MB,MAE,RMSE,NRMSE,r,R2,MAPE,NSE,WSS,Group
16,0.002097822369870002,1.0566696648157106,1.2677157679824687,1.2677157679824687,0.2643065795924459,0.06985796801585795,204.81553119402517,-0.5764530033508919,0.5498819063957461,ZS2-CTH
14,-0.08740446978575253,0.9615229696929983,1.1864917878341974,1.1864917878341974,0.25489439620645393,0.06497115321745271,205.92221772737483,-0.630147315413208,0.5324233585185546,ZS4-LAR
16,0.4787541077248715,1.6755693051556277,2.4641548226018197,2.4641548226018197,-0.7236944078963498,0.5237335960204482,214.6401515401453,-2.2743284452215935,0.10149618936841953,ZS3-CHA
16,0.4996454734659323,1.825197835530234,2.470551104566086,2.470551104566086,-0.7568268235148438,0.5727868407915685,278.2751063271057,-2.757089241758512,0.035304269413068856,Total
