N,MB,MAE,RMSE,NRMSE,r,R2,MAPE,NSE,WSS,Group
15,0.32230826436862753,0.9021912093456378,1.3222804907225838,1.3222804907225838,0.27297235685085713,0.07451390760471169,259.9421274065045,-0.7380026688031114,0.5706671859467305,Total
15,0.4459481688850487,1.1593226722424992,1.5334374604068612,1.5334374604068612,0.18421812422865302,0.03393631729432344,643.1149574702064,-1.250647352553944,0.49861689588947533,ZS3-CHA
15,0.052292473154752585,0.8931301404287975,1.2310228978515476,1.2310228978515476,0.1277701235647384,0.01632520447574852,186.1284608097226,-0.9729548703192783,0.4015101117207829,ZS2-CTH
0,,,,,,,,,,ZS4-LAR
