Label,RMSE,MAE,MSE,Bias,R,Willmott Skill,Obs StdDev,Model StdDev
sat,12.091909928306848,10.5,146.21428571428572,0.07142857142857142,0.778698507235361,0.8409809737761212,18.926954108802995,12.458093017498827
C09,13.821202589704017,10.41025641025641,191.02564102564102,5.333333333333333,0.39259585067290054,0.6190211542282735,11.695905879096149,11.438024408387312
