N,MB,MAE,RMSE,NRMSE,r,R2,MAPE,NSE,WSS,Group
15,0.3213862173556621,0.8938562714891647,1.3081338322733016,1.3081338322733016,0.2906966024649594,0.08450451468467063,259.1409968901698,-0.701012928066624,0.5803647510243554,Total
15,0.45089032153506037,1.1590224326914431,1.5233737261872347,1.5233737261872347,0.20214312155164194,0.040861841590641886,645.9433899013628,-1.221202926872166,0.5090277945009287,ZS3-CHA
15,0.06382150319306314,0.8989079558008587,1.2273801997159608,1.2273801997159608,0.12916177842189142,0.016682765005105776,186.55362684969498,-0.9612958739565391,0.3976186989435063,ZS2-CTH
0,,,,,,,,,,ZS4-LAR
