N,MB,MAE,RMSE,NRMSE,r,R2,MAPE,NSE,WSS,group
11,0.037816490232372345,0.7206250532412968,0.8372220583074982,0.8372220583074982,-0.4865791015948745,0.2367592221088752,300.86838040863626,-1.9762555602173695,0.12285506926886958,ZC1-EUP
12,0.08194325578385069,0.4922917936494439,0.5842998805174454,0.5842998805174454,0.5998380803975035,0.3598057226949619,234.03583846103007,0.01849731384944764,0.773842698608238,ZC2-AMP
12,0.13702951964215715,0.9037195399549565,1.0648107801061335,1.0648107801061335,-0.38253124856557885,0.14633015612914066,222.79274612931138,-2.895102810273088,0.22444686519293477,ZC3-DEC
12,-0.029240711950370896,0.5506436521596043,0.7065006743397547,0.7065006743397547,0.5225732145114278,0.27308276452480673,92.92786671429805,0.1941439750106071,0.7400711887908158,ZC4-CLG
12,-0.24383492888652133,0.6150014470429125,0.8609806518457801,0.8609806518457801,0.14577271767428715,0.021249685218147428,171.71694388459363,-0.7108222718443848,0.4885424163987766,ZC5-CSM
12,0.007738501760579569,0.5253519527136801,0.7078204883771692,0.7078204883771692,0.28219690356545274,0.07963509238192944,126.94915643469476,-0.5399051165162643,0.624075322021012,Total
