N,MB,MAE,RMSE,NRMSE,r,R2,MAPE,NSE,WSS,Group
17,0.013217249707914621,0.6905068661774659,0.8674070108571303,0.8674070108571303,0.6846250089657889,0.46871140290140656,171.37275971820492,0.0925276597152741,0.8002027880122902,ZS2-CTH
17,0.1354429896860946,0.9443184576510821,1.164569050834336,1.164569050834336,0.49169915319743196,0.24176805725507167,712.1249449085267,0.11301457678774884,0.7010176484859825,ZS4-LAR
17,-0.06848168705634701,1.033114663172771,1.2335481849263432,1.2335481849263432,0.4234552282160803,0.17931433030353264,232.63451677113983,-0.15274250314358806,0.6705292381062788,Total
17,-0.01050639682801163,1.216689244368855,1.535751216877145,1.535751216877145,0.13609982761904862,0.01852316307793475,231.79389115724555,-0.488421951087624,0.4712755744289082,ZS3-CHA
