N,MB,MAE,RMSE,NRMSE,r,R2,MAPE,NSE,WSS,Group
21,-0.32375599605681055,0.8224035315768965,1.0110764708953925,1.0110764708953925,0.6928903519201569,0.4800970397840389,1111.1902575352976,0.3477986612814147,0.8144067665340265,Total
21,-0.00791553234134619,0.7260874480832471,0.9095241736425735,0.9095241736425735,0.6954752385092589,0.4836858073795105,249.91881450228956,0.0928252459796437,0.8069571796784752,ZC1-EUP
21,-0.4492413653009315,0.9289737752133178,1.329356643909248,1.329356643909248,0.5722009165384198,0.32741388888740763,317.6244588523482,0.2017519025841139,0.7275378617112089,ZC5-CSM
21,-0.45430799865445987,0.9655428592386824,1.2838169342195427,1.2838169342195427,0.6108894094786914,0.37318587061322434,156.84420416798542,0.27657043705969064,0.7160866484125001,ZC2-AMP
21,0.1264775606665769,0.7497518174405021,0.957182279548958,0.957182279548958,0.5439738387775286,0.29590753727436064,397.6011226628315,-0.3288400232886264,0.7072501411321914,ZC3-DEC
21,-0.5974718412235062,1.183228328334376,1.6032833705610106,1.6032833705610106,0.46543792929256445,0.21663246602415023,335.6460515300865,0.016178575978002208,0.6550469932407821,ZC4-CLG
