N,MB,MAE,RMSE,NRMSE,r,R2,MAPE,NSE,WSS,group
15,0.18815795687084438,0.809578880678469,0.9709620130407114,0.9709620130407114,-0.024962225641013296,0.0006231127089528617,1142.4540405437974,-3.567557871560461,0.28129646067115754,ZC1-EUP
16,0.32869509653869156,1.3058241925014373,1.4378142171443158,1.4378142171443158,-0.5165003731955854,0.26677263551117897,994.4773670672965,-6.596246053608628,0.09692142581301255,ZC2-AMP
16,0.23606006671828952,0.9764997181414352,1.2104034857136095,1.2104034857136095,-0.4525143633477314,0.20476924903600266,1334.5194316618101,-5.5610223662192775,0.09666566051316205,ZC3-DEC
16,0.17520125580345652,1.1307858102058095,1.316388885518472,1.316388885518472,-0.6115388787932972,0.373979800275763,424.3635695699865,-3.1762555680524533,0.028041907981946612,ZC4-CLG
16,0.0180060130020695,1.0812595980049626,1.2778024636466394,1.2778024636466394,-0.6289600471762073,0.39559074094389696,574.7902020083377,-2.7822238013970755,0.05047432914336991,ZC5-CSM
16,0.21361447512117138,1.128330173033682,1.2922501723658655,1.2922501723658655,-0.7492627457716955,0.5613946622013404,395.8981078492879,-5.735515507167157,0.0,Total
