N,MB,MAE,RMSE,NRMSE,r,R2,MAPE,NSE,WSS,Group
21,-0.314657331064882,0.8314768580220422,1.0062295869703282,1.0062295869703282,0.6950978882795452,0.4831610742906831,1121.8766221177366,0.35403670034458945,0.8160829810465591,Total
21,0.004466944481604784,0.7184687724105734,0.9005524159141136,0.9005524159141136,0.708632215139418,0.5021596163333983,245.6438541001146,0.1106341400981482,0.8143051850980021,ZC1-EUP
21,-0.44953420300933145,0.9415668071414283,1.2395622704421565,1.2395622704421565,0.6465761947306843,0.4180607755924118,162.0128533650128,0.32558573169498317,0.7453908989988798,ZC2-AMP
21,0.1398901654675007,0.7503800185181306,0.9457919886038962,0.9457919886038962,0.5626319015942908,0.3165546566916077,396.9997446643084,-0.2974022966157217,0.7188325985106025,ZC3-DEC
21,-0.43882283703174496,0.9924298177676634,1.382446559454115,1.382446559454115,0.5349474691510989,0.2861687947511659,340.2952278168291,0.13672020737502655,0.70997830543077,ZC5-CSM
21,-0.5887753469187786,1.1816540627614853,1.5882374242359178,1.5882374242359178,0.47600992799762276,0.226585451552302,335.62301918246555,0.03455719546827063,0.660825015703512,ZC4-CLG
