N,MB,MAE,RMSE,NRMSE,r,R2,MAPE,NSE,WSS,group
17,0.36761661629384756,0.9448477758911276,1.1993161058196282,1.1993161058196282,-0.2938544788090099,0.08635045471611484,343.264317719118,-2.0355801202780204,0.28049516676398123,ZC1-EUP
17,0.09514846652607631,0.9493607663872322,1.183273836761026,1.183273836761026,0.09485793169995638,0.008998027206393588,426.9088089607665,-4.187673449302069,0.390999102920756,ZC2-AMP
17,0.5718938790333028,1.0362475524648163,1.2723436632101994,1.2723436632101994,-0.1667369628331846,0.02780121477483478,576.6712937662647,-2.571775618549993,0.2530538727304211,ZC3-DEC
17,0.400295393758839,1.0611831870233066,1.231476534190416,1.231476534190416,-0.5086021973171452,0.2586761951158283,306.2321220818706,-2.2177294058578125,0.16214430874516939,ZC4-CLG
17,0.3330152817389375,1.052681301422731,1.2190417315105713,1.2190417315105713,-0.292659312482484,0.08564947318272022,304.78576080309136,-1.9079166762057498,0.2715212306682969,ZC5-CSM
17,0.4050591661283432,1.0057641316939785,1.183935907236748,1.183935907236748,-0.49812455784268833,0.24812807512597376,308.45668279734235,-3.0884065284894966,0.18004329851157364,Total
