N,MB,MAE,RMSE,NRMSE,r,R2,MAPE,NSE,WSS,Group
21,0.15935234946542656,0.6127208219903088,0.8351061861184517,0.8351061861184517,0.7111663955914272,0.5057576422185024,205.30069268762335,0.048679026531032066,0.8064128141171523,ZS2-CTH
21,-0.19244033815648567,1.3780503888964841,2.0331493594244,2.0331493594244,0.19999793549892483,0.039999174203832095,321.26801054232084,-0.1658441302523761,0.4987600716171722,Total
21,-0.16050189002772833,1.8300199943752289,2.5279430251530797,2.5279430251530797,0.13557431399753309,0.018380394615901696,340.9573722656949,-0.07500709297737806,0.3452837502952022,ZS3-CHA
19,-0.30410531962584614,1.544569571971456,2.9123285836390935,2.9123285836390935,0.1465730522245752,0.02148365963842805,219.77416076588824,-0.04511583975630873,0.26329518115317563,ZS4-LAR
