N,MB,MAE,RMSE,NRMSE,r,R2,MAPE,NSE,WSS,Group
23,-0.00355734203542725,1.096369366404884,1.3310317700864835,1.3310317700864835,0.2646003858441381,0.07001336418886675,204.94128017774446,-0.513150499590477,0.5581480278544623,Total
23,-0.028278775209324446,0.8936944344567191,1.2259209893469383,1.2259209893469383,0.3385262493414104,0.11460002149316277,802.7848835635934,-0.3000594284948155,0.5570619391230162,ZS4-LAR
23,-0.017800406711467865,1.0472114799841366,1.230476417761028,1.230476417761028,0.29247552559585666,0.0855419330725726,523.5144441267032,-0.669953205544092,0.556486678510093,ZS2-CTH
23,0.06895979529614349,1.234264819337475,1.5177925368268605,1.5177925368268605,-0.037428600500529,0.0014009001354281997,326.40125506916223,-0.9261753480550439,0.33186705668736394,ZS3-CHA
