N,MB,MAE,RMSE,NRMSE,r,R2,MAPE,NSE,WSS,Group
17,0.10497287335617662,0.890114899159357,1.1520083913022827,1.1520083913022827,0.30074437470748927,0.09044717891819871,229.45969957287514,-0.4864519339769202,0.5911483728344877,ZC2-AMP
17,-0.35573095013369266,1.6921132410562318,2.0358111771308396,2.0358111771308396,-0.012235804672839959,0.00014971491599189216,311.2226414138246,-1.0564569275876061,0.3764462332450018,ZC5-CSM
17,0.2585902092956265,1.3578560084202942,1.8919317311687285,1.8919317311687285,-0.12275781091886535,0.015069480141591898,202.08567760109108,-2.7100148386357183,0.3423488810303942,Total
17,-0.07831610640013813,1.5227556885829987,1.7424711198104703,1.7424711198104703,-0.033023205749226583,0.0010905321179557517,567.8764934432107,-2.8772407829318514,0.2696716237277458,ZC4-CLG
17,0.6777582740385232,1.700976992385206,2.616132604101576,2.616132604101576,-0.288402860474266,0.08317620992973894,244.83829281363825,-0.7997686939547328,0.24900315114092653,ZC3-DEC
17,0.34415315401788477,1.4687855141024764,2.0355446796837824,2.0355446796837824,-0.7127272779443592,0.5079801727259758,454.7110935553535,-3.0225081393629445,0.10078076524931823,ZC1-EUP
