N,MB,MAE,RMSE,NRMSE,r,R2,MAPE,NSE,WSS,Group
19,0.03800227637938413,0.5771510663137664,0.6660219720702918,0.6660219720702918,0.6017500824085167,0.36210316167865664,271.76552436714644,0.003281326987465416,0.7674496817149747,ZC2-AMP
19,-0.15951051661023782,0.6586669274005413,0.7896949337381844,0.7896949337381844,0.2958228521542136,0.08751115985665373,354.11171020710924,-1.2406422218641655,0.5259283362707134,ZC5-CSM
19,-0.01444243972278498,0.782597568819876,0.9639363415093463,0.9639363415093463,0.09014759033449539,0.008126588043116006,314.9145751339178,-1.1485451830225037,0.42987031041462676,Total
19,-0.21869427254237017,0.8374793076497844,1.0259010861658862,1.0259010861658862,0.06546253874779327,0.004285343979306335,184.99300484342697,-1.1406235512261609,0.3939681102628708,ZC4-CLG
19,0.21034118662459572,0.8807204641894081,1.2316370857039851,1.2316370857039851,-0.16709826142335743,0.027921828970708704,447.4036941541464,-1.238049925768736,0.309363015585132,ZC3-DEC
19,0.0012489808192990399,1.0374920789884543,1.1825222661391255,1.1825222661391255,-0.11952281432397437,0.014285703143923252,273.8248869366232,-0.9938638497308279,0.29667387332264705,ZC1-EUP
