N,MB,MAE,RMSE,NRMSE,r,R2,MAPE,NSE,WSS,group
12,0.14398117009926892,0.4381521577991922,0.5620451567870202,0.5620451567870202,0.677224096452942,0.4586324768165037,201.2829907277867,0.3936245488347335,0.7955246377559642,ZS2-CTH
12,0.1742568306295845,0.602727635396397,0.7470937069224666,0.7470937069224666,0.5379861606712945,0.28942910907383984,578.2812921284541,-0.3061559475419049,0.7033610613546082,ZS3-CHA
12,0.046466122766565955,1.0923089687476268,1.2088940829155335,1.2088940829155335,-0.03928798721558848,0.001543545939452244,1258.9974608103498,-1.4317258381663862,0.3045783618707417,ZS4-LAR
12,0.194509654670187,0.6405702240809135,0.734994518315728,0.734994518315728,0.4687391841584963,0.2197164227655727,232.14171602467027,-0.2392898623162656,0.6564303097964941,Total
