Label,RMSE,MAE,MSE,Bias,R,Willmott Skill,Obs StdDev,Model StdDev
sat,11.045361017187261,9.285714285714286,122.0,-4.857142857142857,0.8907724168340833,0.8728801845767812,18.926954108802995,11.917445624129426
C09,24.555014110130703,18.692307692307693,602.9487179487179,-16.897435897435898,0.4353814397903577,0.49217722560571353,11.695905879096149,19.464426663157685
