Label,RMSE,MAE,MSE,Bias,R,Willmott Skill,Obs StdDev,Model StdDev
sat,11.045361017187261,9.285714285714286,122.0,-4.857142857142857,0.8907724168340833,0.8728801845767812,18.926954108802995,11.917445624129426
C09,20.40990207139913,15.384615384615385,416.56410256410254,-12.974358974358974,0.4900815387712483,0.5722453382065994,11.695905879096149,17.744071432619887
