N,MB,MAE,RMSE,NRMSE,r,R2,MAPE,NSE,WSS,Group
17,-0.03413523212012826,0.6594890713664832,0.8620947262507442,0.8620947262507442,0.7680178504613497,0.5898514186272722,108.31705176454783,0.5805250689659495,0.8707437739168742,ZC5-CSM
17,-0.11688470979972744,0.7178247432179324,0.8708705796932813,0.8708705796932813,0.7554483518080438,0.5707022122494899,464.06693931372376,0.5388050619554035,0.8614155105886839,Total
17,-0.28356565406027534,0.8268491231404471,1.0796198589486936,1.0796198589486936,0.7644460442225806,0.5843777545275516,101.76735094344022,0.5345405266380241,0.8068820149985987,ZC2-AMP
17,0.08507368964813422,0.7567226664541149,0.9380246834976528,0.9380246834976528,0.6812945321467777,0.4641622395330967,1007.64301944952,0.09277296474652608,0.8011770915110844,ZC1-EUP
17,-0.32683543651195857,0.9899847781390534,1.2870935470762945,1.2870935470762945,0.5739562441966714,0.32942577025234904,469.84291662660047,0.23925326081635245,0.7407309536462534,ZC4-CLG
17,0.22146157586697435,0.7154213903411493,0.9292107884744476,0.9292107884744476,0.5851311297008279,0.3423784389449671,653.8600972745681,-0.1852216276904941,0.7352911772977138,ZC3-DEC
