N,MB,MAE,RMSE,NRMSE,r,R2,MAPE,NSE,WSS,Group
16,0.15706842335996044,1.2083738115436002,1.4405267841075642,1.4405267841075642,0.05466638596913123,0.002988413754926028,225.89266882762843,-1.4822692636623107,0.44664899832641214,ZC2-AMP
16,0.42958305197050284,1.4395679178635499,2.103295427928889,2.103295427928889,-0.39001735640033003,0.15211353829350205,346.10886353531214,-1.6409842164879045,0.22992784370454467,ZC3-DEC
16,0.04452460134331049,1.4927746069645766,1.7803390100827161,1.7803390100827161,-0.36408311838831586,0.13255651709536043,451.6704678412719,-2.3114747645778664,0.16609820023569855,ZC4-CLG
16,0.09737151175176267,1.6088641907707204,2.075193586851469,2.075193586851469,-0.551623514861384,0.3042885021480275,976.9804978074148,-2.301057323401601,0.13172130542248772,ZC5-CSM
16,0.10296691360042118,1.705219652257758,2.0371053697185566,2.0371053697185566,-0.49040594309118235,0.24049798901915198,381.1750385343983,-1.7989759062201913,0.11769151653190735,Total
15,-0.06430863958133344,1.7859280712767995,2.2281117088899314,2.2281117088899314,-0.3906086894664824,0.1525751482867229,236.95163973398704,-0.7128270705044124,0.06510439522695433,ZC1-EUP
