N,MB,MAE,RMSE,NRMSE,r,R2,MAPE,NSE,WSS,Group
15,0.10567075377022433,0.5501742903846835,0.6820892065531227,0.6820892065531227,0.7329423063105802,0.5372044243798724,145.57637429101803,0.45568806038210874,0.8531457387089684,ZC2-AMP
15,-0.048929709429622784,0.6273848183871246,0.7981476391444242,0.7981476391444242,0.6524966629306413,0.425751895135623,2066.692225257238,0.35059710677710276,0.8139459962985218,Total
15,-0.28306155471444316,0.7124796756484016,1.1025868565684427,1.1025868565684427,0.4972155717448238,0.247223324785532,560.2471355483668,0.05601152555706512,0.7190341152395945,ZC4-CLG
15,-0.3097694294387106,0.9613804635665867,1.2147580393638346,1.2147580393638346,0.38535230809132637,0.1484964013513125,495.1945904755493,-0.2104057427145194,0.6307176658636678,ZC5-CSM
14,0.2751631462044855,1.0035206004494133,1.2526552560640685,1.2526552560640685,0.09324399986714627,0.008694443511224373,176.11662740649564,-0.9345640735623455,0.37776293653273274,ZC1-EUP
15,0.18594981531349203,1.0380345270307791,1.4166564248432323,1.4166564248432323,-0.18727320840031633,0.03507125458454831,209.8465133413964,-1.571838758232893,0.22484118956206456,ZC3-DEC
