N,MB,MAE,RMSE,NRMSE,r,R2,MAPE,NSE,WSS,Group
12,-0.0530971162404216,0.6199597640110636,0.8440371219425746,0.8440371219425746,0.5212267809612432,0.27167735719121977,133.2879568046549,-0.010998370777043132,0.7108361513500437,ZS2-CTH
12,-0.2722166053211604,1.1079643351312691,1.1959036148997526,1.1959036148997526,0.1706719734416307,0.0291289225184607,1590.7278031535895,-0.9901759993926118,0.4669556689608587,ZS4-LAR
12,0.3757102518914445,1.2067589155716547,1.595109424850369,1.595109424850369,0.061602531166517926,0.0037948718461218124,1582.198115325985,-1.8045559016180328,0.3727785886425854,ZS3-CHA
12,0.3358250610336327,1.1379285044986327,1.5520347973693633,1.5520347973693633,0.0034209613764239707,1.1702976738984588e-05,1211.62939430281,-1.7749356068557485,0.36285910074725136,Total
