N,MB,MAE,RMSE,NRMSE,r,R2,MAPE,NSE,WSS,Group
18,0.3511575315997836,1.1109629077769423,1.38990453417058,1.38990453417058,0.170802568093842,0.029173517267451536,191.37440665165383,-1.2017305072061335,0.45428007617048705,ZS2-CTH
16,0.1792881274918489,1.1645676533427025,1.43950701012434,1.43950701012434,0.1317310936165072,0.017353081025400983,237.01592409655058,-1.3361207150472856,0.4207070070215341,ZS4-LAR
18,0.6230062685310145,1.7342075982019354,2.2514569985003736,2.2514569985003736,-0.7127086726470279,0.5079536520662883,212.25844346323458,-3.719518284884913,0.04815941197813345,ZS3-CHA
18,0.7117593441509196,1.7670992342662153,2.33220008023948,2.33220008023948,-0.7183448964236708,0.5160193902179344,243.27433879687837,-4.4494195575153315,0.03403476117450488,Total
