n,bias,obs_std,model_std,MAE,RMSE,r,WSS
68,-0.6137627464196774,1.3438525716859222,0.8342214504241643,0.9715538652241821,1.196686730232168,0.6381217783476106,0.7041889057649169
