N,MB,MAE,RMSE,NRMSE,r,R2,MAPE,NSE,WSS,Group
23,-0.0313330799388592,0.8592536125093516,1.0227523976489175,1.0227523976489175,0.5553457695158931,0.3084089237191995,242.73541582863683,0.025623288579829873,0.7355223255155752,ZC2-AMP
23,-0.06972327741667057,0.9432248267647116,1.135288038866113,1.135288038866113,0.47235882710505145,0.2231228615440599,173.69882651527263,-0.12244481374245719,0.6858807256897745,Total
23,-0.11999536974961587,0.9474343655896539,1.1928315891782268,1.1928315891782268,0.395317256224809,0.1562757330691113,869.9938262049794,-0.2683417424221013,0.6251978036764666,ZC5-CSM
23,-0.1647535654204883,1.0955661285773999,1.3676048341457618,1.3676048341457618,0.20958491128844614,0.04392583503978584,264.6583043397691,-0.6662958943683142,0.5154804484758384,ZC4-CLG
23,0.030402451346571407,1.079040273792272,1.362958998867694,1.362958998867694,0.140183353354598,0.019651372557740084,233.3859471684592,-0.993064586547123,0.4509715218755864,ZC3-DEC
23,0.0902180531165774,1.1664424830834976,1.3666993858106884,1.3666993858106884,0.15098165780809517,0.022795460994480744,514.9823794193743,-1.03285010596118,0.4461896525131529,ZC1-EUP
