N,MB,MAE,RMSE,NRMSE,r,R2,MAPE,NSE,WSS,Group
17,0.31834736865603996,1.098650178310635,1.366576006048558,1.366576006048558,0.23680942981342806,0.05607870604856091,250.8387549582063,-0.8117625112861191,0.5510155097305689,ZC2-AMP
17,-0.26904128103759684,1.977210669246268,2.5359173139889584,2.5359173139889584,0.16391178603769158,0.026867073602065982,194.0904706638653,-0.2512795819251974,0.4761492121877775,ZC5-CSM
17,0.5143943543160601,1.4561515590923284,2.2409713563888287,2.2409713563888287,-0.2144437860368852,0.045986137369833396,193.5708208283017,-2.7723163118359895,0.29659078805851213,Total
17,0.8185247059788172,1.603350340511843,2.1023024569781286,2.1023024569781286,-0.3576628094426071,0.12792268525837866,1479.3109030143858,-2.6486423212031194,0.27433348700608595,ZC3-DEC
17,0.09489428260219086,1.6618412679425478,1.949987299386686,1.949987299386686,-0.038247865055409266,0.0014628991812967974,883.4760500077998,-2.181124061401945,0.27382383799560917,ZC4-CLG
17,0.5835447534148336,1.6738649396811014,2.2013733989639355,2.2013733989639355,-0.6489223928569899,0.4211002719512416,326.0280792925494,-3.993627068819187,0.07514497821184452,ZC1-EUP
