N,MB,MAE,RMSE,NRMSE,r,R2,MAPE,NSE,WSS,Group
21,-0.3154124672952376,0.8279823552353178,1.007069641489885,1.007069641489885,0.6954321890231545,0.4836259295295365,1129.7914886935994,0.3529576803858877,0.816359610040299,Total
21,0.00539099513043826,0.7181981348664289,0.9048864722682808,0.9048864722682808,0.7074056878582052,0.5004228072141405,245.1400011139666,0.10205310240693988,0.8130205166865887,ZC1-EUP
21,-0.45028481189174097,0.9425796813755557,1.243360150348968,1.243360150348968,0.6437790952303213,0.41445152345557107,160.81779926657472,0.32144674118881067,0.7432226461812173,ZC2-AMP
21,0.13838424074899805,0.7439106616326177,0.9445455469860673,0.9445455469860673,0.562042032675436,0.3158912464939358,396.72332180037245,-0.29398490539182753,0.718445541934073,ZC3-DEC
21,-0.43949725263116435,1.0019912027688331,1.3903603099282842,1.3903603099282842,0.5295556438790336,0.2804291799641379,339.04896940206106,0.1268083088992249,0.7072812665632234,ZC5-CSM
21,-0.5895169148336926,1.1743087411718829,1.5867273795920929,1.5867273795920929,0.47834841940197514,0.22881721034436792,332.4917521254086,0.03639214617505193,0.6632140171110856,ZC4-CLG
