N,MB,MAE,RMSE,NRMSE,r,R2,MAPE,NSE,WSS,group
17,-0.22559799422247345,0.6615451235680619,0.7828246995185931,0.7828246995185931,0.34047580593947774,0.1159237744301369,2922.8629752671873,-0.20973523304699482,0.5739316304008661,ZS2-CTH
17,0.015185501852057985,0.5603243984718173,0.7128889817309176,0.7128889817309176,0.443623853062127,0.19680212300568764,146.03697553374653,-0.11786056678884282,0.6962452695419572,ZS3-CHA
17,0.4704041658683159,0.5784210600321047,0.9266727444449869,0.9266727444449869,0.43378803558792106,0.18817205981922747,139.72066117859595,-0.1989806701932164,0.6254081932217631,ZS4-LAR
17,0.09483427377833455,0.5568666964791066,0.701943613936985,0.701943613936985,0.48197006880762655,0.23229514722642827,168.06960443159937,-0.051758144219469004,0.7184187848154868,Total
