N,MB,MAE,RMSE,NRMSE,r,R2,MAPE,NSE,WSS,Group
12,0.1396691427777743,0.8296966458852753,1.0497631889894525,1.0497631889894525,0.3568435462801719,0.12733731652180919,128.42131189256614,-0.24894006666988955,0.6467039149003881,ZC2-AMP
11,0.23312205914588516,0.9545622218216543,1.115708777326219,1.115708777326219,0.25657929690500053,0.06583293560026442,203.84046394048968,-0.5061529265616609,0.5479429580641395,ZC1-EUP
12,-0.1984403112538994,1.035418755295224,1.2768528712741585,1.2768528712741585,0.22773193929788116,0.05186183617637383,122.49312118581335,-0.26153960561420186,0.5441864949727069,ZC4-CLG
12,0.08891291641911751,0.8990120128179157,1.132874841653726,1.132874841653726,0.20658461662523908,0.04267720382619701,244.74135457986725,-0.44983368805529245,0.5134771673187405,Total
12,-0.5546323668459788,1.6155690444652917,2.21455933548297,2.21455933548297,-0.03815200071657083,0.001455575158677221,136.93731555307374,-0.3468095840508958,0.3184889386351534,ZC5-CSM
12,0.14859621813058352,1.119716883603411,1.3925698988285429,1.3925698988285429,-0.3369140927040076,0.1135111058625646,207.95185805732842,-1.5946005066016284,0.23301131086277016,ZC3-DEC
