N,MB,MAE,RMSE,NRMSE,r,R2,MAPE,NSE,WSS,group
17,0.16094514142388802,1.114735762176648,1.493626846529875,1.493626846529875,-0.37121177675850175,0.13779818320420376,853.5563999622401,-3.359423559887161,0.24510308543154802,ZS2-CTH
17,0.6013341069715769,1.2138374020570464,1.4034022729620323,1.4034022729620323,-0.3991507550884518,0.15932132528768125,544.9404677620486,-5.40859578405834,0.17199891573004433,ZS3-CHA
17,0.6683448168878836,0.9758888346190363,1.169950425094266,1.169950425094266,0.005949958878080581,3.540201065084993e-05,531.868465767461,-2.891133611073449,0.3564380445012926,ZS4-LAR
17,0.7136802405585232,1.3588166589551527,1.5538170594391432,1.5538170594391432,-0.4761946154803823,0.22676131181250914,492.2782311337919,-5.674488485441019,0.14322700261887533,Total
