N,MB,MAE,RMSE,NRMSE,r,R2,MAPE,NSE,WSS,Group
23,-0.026884661928119856,0.870937733422552,1.04335166455745,1.04335166455745,0.5362157787901801,0.2875273614235594,249.90844207307893,-0.014021840774377736,0.7193928214486074,ZC2-AMP
23,-0.06614517993482284,0.9584423884061158,1.160200279308229,1.160200279308229,0.4476588699575322,0.20039846385165472,174.71075786878703,-0.17224612146431584,0.6674092957314264,Total
23,-0.11740676144417397,0.9267432035276396,1.1892962486880796,1.1892962486880796,0.3994080607760544,0.15952679901288835,857.4440582469198,-0.2608346055562776,0.6193674257729145,ZC5-CSM
23,-0.16177535388583958,1.1100880051686965,1.377579275772755,1.377579275772755,0.19928028541128337,0.03971263215360256,275.87988084708394,-0.6906903392169226,0.4990157294422539,ZC4-CLG
23,0.03184021450337083,1.056362720118064,1.3451529143429763,1.3451529143429763,0.16243570394138704,0.02638535791493394,221.08359079534213,-0.9413288271703035,0.47172207642212405,ZC3-DEC
23,0.09258805226726007,1.1857217992830094,1.389440752961688,1.389440752961688,0.1169249808496136,0.013671451146682508,513.7489648306048,-1.101064688228968,0.4179112373346272,ZC1-EUP
