n,bias,obs_std,model_std,MAE,RMSE,r,WSS
68,-0.6566955664624649,1.3438525716859222,0.7607437039578081,1.000334245087732,1.243116196227538,0.6132838349688913,0.665943579601251
