N,MB,MAE,RMSE,NRMSE,r,R2,MAPE,NSE,WSS,Group
20,0.41093752742363615,1.6978941438814008,2.1084166736341414,2.1084166736341414,-0.2271687333958506,0.051605633432675053,234.27433866721628,-3.854644813609946,0.22268665585685865,ZS2-CTH
20,0.7032791862105705,1.6833725720811585,2.153765434793881,2.153765434793881,-0.510670693849956,0.2607845575571955,347.2676494470454,-3.809369134999015,0.1064638670371818,Total
20,0.6217459914942364,1.6790746496309317,1.9307677194356752,1.9307677194356752,-0.6840425170529634,0.4679141651361537,249.4003171990136,-2.8558481496224055,0.07784689053677807,ZS3-CHA
0,,,,,,,,,,ZS4-LAR
