N,MB,MAE,RMSE,NRMSE,r,R2,MAPE,NSE,WSS,Group
20,0.25093615567186245,1.1453035718084266,1.3827084744882856,1.3827084744882856,0.19716085122090296,0.038872401254151034,218.5687283790089,-0.7929646351354267,0.5125983136739412,ZC2-AMP
20,-0.19322639426993063,1.821013620150259,2.309564547817524,2.309564547817524,0.14475564421502557,0.020954196532107065,183.2320398502463,-0.3772003512903892,0.47502346258667527,ZC5-CSM
20,0.3766896814307188,1.13786752404403,1.8104561952226481,1.8104561952226481,0.041139537454823384,0.001692461541996816,884.0129842804253,-1.6448374145505702,0.4358184055063137,Total
20,0.4261440485878361,1.4322200086396735,1.8159226625907192,1.8159226625907192,-0.20137719086096806,0.040552772999054756,1223.400424182038,-1.9530914254075826,0.3053566221166426,ZC1-EUP
20,0.07819629185475999,1.5638902983189376,1.8565892552920789,1.8565892552920789,0.009993305555966298,9.986615593490688e-05,527.197273164677,-2.0324286918906727,0.29656055365986633,ZC4-CLG
20,0.44401565832326717,1.4258571341061432,1.7961108353739754,1.7961108353739754,-0.14269841065269787,0.020362836402805996,595.4117259482265,-1.5908346838047311,0.20126971284227124,ZC3-DEC
