N,MB,MAE,RMSE,NRMSE,r,R2,MAPE,NSE,WSS,group
259,0.010544653871034202,0.7854494255457083,1.2358660460565396,-9.009712993159504e+16,0.23402146289534914,0.054766045095679276,957.3538306762038,-0.533284902724865,0.42893556251134735,ZC1-EUP
261,-0.005950422868381024,0.7871638579226546,1.1074468069585608,-2.033963631385107e+16,0.3827544302424301,0.14650095387020728,371.4639413082628,-0.23115550112826067,0.6242664296613607,ZC2-AMP
261,0.003899212781660705,0.8454546927216485,1.206384867955424,-1.4771171138615076e+16,0.2694708978791272,0.072614564803783,403.17868208856174,-0.4609620052073322,0.5431311149449582,ZC3-DEC
261,0.00047400635087477413,0.812933339541334,1.2027080804082848,1.4137105879809436e+16,0.27533766853645825,0.07581083171509255,480.30411623183926,-0.45207021408968684,0.5520258649129984,ZC4-CLG
262,-6.779987936642178e-17,0.9160753792174484,1.192995458990956,1.0274939875886036e+16,0.285654407518511,0.08159844053475156,337.31348593393847,-0.42869118496297687,0.5910196415921036,ZC5-CSM
262,-1.4237974666948571e-16,0.7294543078934187,1.0957332067188499,1.0774190327557006e+16,0.39738430996116897,0.15791428980331443,300.76274406770926,-0.2052313800776624,0.6221125018186278,Total
