N,MB,MAE,RMSE,NRMSE,r,R2,MAPE,NSE,WSS,group
17,-0.18393619580662382,0.6769257348310896,0.7635456013857216,0.7635456013857216,0.1903687394790926,0.036240256970858635,314.79624554311886,-0.6535504230433304,0.48849180042116813,ZC1-EUP
17,-0.11560079827622001,0.8493003275628374,1.0738132530301443,1.0738132530301443,-0.22535011768173485,0.05078267553917175,341.9870002064765,-2.614426175366391,0.2564128684147552,ZC2-AMP
17,-0.0009428705234781768,0.4844348004588066,0.5708637955273251,0.5708637955273251,0.575230338594669,0.3308899424397375,940.4730500053079,0.069183221360549,0.7506963414362553,ZC3-DEC
17,-0.1944971185814203,0.6060831148430351,0.6890019173936355,0.6890019173936355,0.48795824636194407,0.2381032501926237,4245.421124322054,0.031172900650943025,0.6632514881906388,ZC4-CLG
17,-0.2329794980801192,0.42044290337840273,0.4771551833845139,0.4771551833845139,0.8437041083528294,0.7118366224514429,182.36304270625035,-0.2548510056759101,0.823823966760272,ZC5-CSM
17,-0.14543903680566558,0.4505468165849153,0.5005485801386526,0.5005485801386526,0.7099863855321452,0.5040806676409999,232.02546822954298,0.39471181253831433,0.8208439754367927,Total
