N,MB,MAE,RMSE,NRMSE,r,R2,MAPE,NSE,WSS,group
259,0.010769418969771898,0.7680399549451243,1.0392872051221267,1.0392872051221267,0.45819674020612056,0.20994425273551515,330.71633330728406,-0.0843043981985081,0.6788902191125785,ZC1-EUP
261,-0.006424065659212179,0.9054221554700294,1.1858723788086605,1.1858723788086605,0.2916895984061654,0.08508282181835003,415.5480778043776,-0.411702119201393,0.5650063841561639,ZC2-AMP
261,0.00420775563299335,0.9336485822285026,1.1883966713547782,1.1883966713547782,0.29086228943027803,0.08460087141262283,284.7966053027051,-0.4177185202120677,0.56369168158244,ZC3-DEC
261,0.00020392685249244558,0.8582201863025081,1.1497654137058164,1.1497654137058164,0.3377480953234557,0.1140737758946221,349.6915750274803,-0.32704497004085353,0.6097768897896578,ZC4-CLG
262,-2.7119951746568708e-17,0.9730780366516618,1.2867016085066978,1.2867016085066978,0.1690278358516556,0.028570409292694228,725.5910847140458,-0.6619443282966875,0.47885411488023233,ZC5-CSM
262,2.2712959587751292e-16,0.8004680792385696,1.0787800134739416,1.0787800134739416,0.4158874038747908,0.17296233270171335,651.0249538765755,-0.168225192250419,0.6542203509885938,Total
