Label,RMSE,MAE,MSE,Bias,R,Willmott Skill,Obs StdDev,Model StdDev
sat,25.920207230212164,17.857142857142858,671.8571428571429,-15.142857142857142,0.37462364298994216,0.5912429604008691,18.926954108802995,18.692053315322454
C09,24.402605997867923,18.46153846153846,595.4871794871794,-11.58974358974359,0.1062564999026593,0.35786277839419567,11.695905879096149,19.295889742293447
