Label,RMSE,MAE,MSE,Bias,R,Willmott Skill,Obs StdDev,Model StdDev
sat,18.61642899622343,14.571428571428571,346.57142857142856,-11.285714285714286,0.656682989016991,0.7398106703146374,18.926954108802995,16.36026171139405
C09,13.264566255581746,10.256410256410257,175.94871794871796,0.41025641025641024,0.3600194207155556,0.6164396257910281,11.695905879096149,11.741798094210575
