Label,RMSE,MAE,MSE,Bias,R,Willmott Skill,Obs StdDev,Model StdDev
sat,32.33529694577473,26.428571428571427,1045.5714285714287,-23.714285714285715,0.01016796047085318,0.4188168126656516,18.926954108802995,11.373303865470515
C09,24.402605997867923,18.46153846153846,595.4871794871794,-11.58974358974359,0.1062564999026593,0.35786277839419567,11.695905879096149,19.295889742293447
