Label,RMSE,MAE,MSE,Bias,R,Willmott Skill,Obs StdDev,Model StdDev
sat,22.59898859936625,15.285714285714286,510.7142857142857,-9.142857142857142,0.4468486491552387,0.6582314661172617,18.926954108802995,20.307458165483368
C09,24.402605997867923,18.46153846153846,595.4871794871794,-11.58974358974359,0.1062564999026593,0.35786277839419567,11.695905879096149,19.295889742293447
