Label,RMSE,MAE,MSE,Bias,R,Willmott Skill,Obs StdDev,Model StdDev
sat,21.415948663154225,15.642857142857142,458.64285714285717,-12.357142857142858,0.5137221393524579,0.6750626887375086,18.926954108802995,16.22356562635517
C09,15.292867450932636,11.307692307692308,233.87179487179486,-2.58974358974359,0.2983777695827891,0.5461040659604741,11.695905879096149,13.61647105617563
