Label,RMSE,MAE,MSE,Bias,R,Willmott Skill,Obs StdDev,Model StdDev
sat,26.96161292335033,19.214285714285715,726.9285714285714,-17.071428571428573,0.3824909544822133,0.5797544797294507,18.926954108802995,18.626840410372054
C09,24.597268974941933,18.76923076923077,605.025641025641,-12.512820512820513,0.09713542081172197,0.3536515094070639,11.695905879096149,18.82652038541603
