Label,RMSE,MAE,MSE,Bias,R,Willmott Skill,Obs StdDev,Model StdDev
sat,23.105348793237095,16.714285714285715,533.8571428571429,-12.571428571428571,0.464969245959297,0.6573224580081387,18.926954108802995,18.549024948244913
C09,13.40876100894008,10.461538461538462,179.7948717948718,-0.8205128205128205,0.3469243988516867,0.6067984037240344,11.695905879096149,11.725156286413773
