Label,RMSE,MAE,MSE,Bias,R,Willmott Skill,Obs StdDev,Model StdDev
sat,27.301229694963244,18.785714285714285,745.3571428571429,-16.642857142857142,0.35253159905631526,0.5703477199182903,18.926954108802995,19.108711551092533
C09,24.402605997867923,18.46153846153846,595.4871794871794,-11.58974358974359,0.1062564999026593,0.35786277839419567,11.695905879096149,19.295889742293447
