Label,RMSE,MAE,MSE,Bias,R,Willmott Skill,Obs StdDev,Model StdDev
sat,26.665922608667202,18.928571428571427,711.0714285714286,-14.928571428571429,0.3354889559254909,0.5705803123404405,18.926954108802995,19.399663367582185
C09,23.319409765147828,16.82051282051282,543.7948717948718,-7.743589743589744,0.07019959605814168,0.3484937829601995,11.695905879096149,19.468074305379133
