Label,RMSE,MAE,MSE,Bias,R,Willmott Skill,Obs StdDev,Model StdDev
sat,26.399404755194226,21.785714285714285,696.9285714285714,-20.071428571428573,0.4953307722154928,0.5896873648291439,18.926954108802995,14.24637440450971
C09,13.264566255581746,10.256410256410257,175.94871794871796,0.41025641025641024,0.3600194207155556,0.6164396257910281,11.695905879096149,11.741798094210575
