Label,RMSE,MAE,MSE,Bias,R,Willmott Skill,Obs StdDev,Model StdDev
sat,21.881172598508385,15.928571428571429,478.7857142857143,-10.214285714285714,0.5266331775006551,0.6971376037828407,18.926954108802995,20.718226226180263
C09,24.597268974941933,18.76923076923077,605.025641025641,-12.512820512820513,0.09713542081172197,0.3536515094070639,11.695905879096149,18.82652038541603
