Label,RMSE,MAE,MSE,Bias,R,Willmott Skill,Obs StdDev,Model StdDev
sat,17.05453437819816,12.714285714285714,290.85714285714283,-9.142857142857142,0.6613022535068013,0.7618756079077234,18.926954108802995,14.90325947090578
C09,13.40876100894008,10.461538461538462,179.7948717948718,-0.8205128205128205,0.3469243988516867,0.6067984037240344,11.695905879096149,11.725156286413773
