Label,RMSE,MAE,MSE,Bias,R,Willmott Skill,Obs StdDev,Model StdDev
sat,23.432273226715086,16.785714285714285,549.0714285714286,-14.928571428571429,0.4620000376870336,0.6256701976579977,18.926954108802995,15.410703939741602
C09,15.350603429214946,11.487179487179487,235.64102564102564,-4.051282051282051,0.32337675667100535,0.5538194999723254,11.695905879096149,13.617774670710649
