Label,RMSE,MAE,MSE,Bias,R,Willmott Skill,Obs StdDev,Model StdDev
sat,30.518144485816023,22.214285714285715,931.3571428571429,-21.785714285714285,0.2720611856815644,0.510438911659077,18.926954108802995,16.330764757077986
C09,24.597268974941933,18.76923076923077,605.025641025641,-12.512820512820513,0.09713542081172197,0.3536515094070639,11.695905879096149,18.82652038541603
