Label,RMSE,MAE,MSE,Bias,R,Willmott Skill,Obs StdDev,Model StdDev
sat,23.862702517287758,17.857142857142858,569.4285714285714,-14.285714285714286,0.4554986074844216,0.6341588363600943,18.926954108802995,17.645748750891585
C09,15.292867450932636,11.307692307692308,233.87179487179486,-2.58974358974359,0.2983777695827891,0.5461040659604741,11.695905879096149,13.61647105617563
