Label,RMSE,MAE,MSE,Bias,R,Willmott Skill,Obs StdDev,Model StdDev
sat,22.970477947636553,15.928571428571429,527.6428571428571,-9.357142857142858,0.4218616464440465,0.6424866116316327,18.926954108802995,20.05146439763929
C09,24.402605997867923,18.46153846153846,595.4871794871794,-11.58974358974359,0.1062564999026593,0.35786277839419567,11.695905879096149,19.295889742293447
