Label,RMSE,MAE,MSE,Bias,R,Willmott Skill,Obs StdDev,Model StdDev
sat,22.14400918662072,17.642857142857142,490.35714285714283,-11.928571428571429,0.2225126883678306,0.5163783113891947,18.926954108802995,6.963461489687965
C09,15.350603429214946,11.487179487179487,235.64102564102564,-4.051282051282051,0.32337675667100535,0.5538194999723254,11.695905879096149,13.617774670710649
