Label,RMSE,MAE,MSE,Bias,R,Willmott Skill,Obs StdDev,Model StdDev
sat,31.492629523202954,25.357142857142858,991.7857142857143,-22.642857142857142,0.04035317100868038,0.43042526081737,18.926954108802995,11.783766072743589
C09,24.597268974941933,18.76923076923077,605.025641025641,-12.512820512820513,0.09713542081172197,0.3536515094070639,11.695905879096149,18.82652038541603
