Label,RMSE,MAE,MSE,Bias,R,Willmott Skill,Obs StdDev,Model StdDev
sat,13.250336922940058,11.142857142857142,175.57142857142858,-3.142857142857143,0.738034566395913,0.8470791381521311,18.926954108802995,15.578144030293577
C09,14.181063574448995,10.794871794871796,201.10256410256412,2.3333333333333335,0.2702185296573881,0.5579656047584606,11.695905879096149,11.458182265455651
