Label,RMSE,MAE,MSE,Bias,R,Willmott Skill,Obs StdDev,Model StdDev
sat,34.24387327892184,27.071428571428573,1172.642857142857,-24.357142857142858,-0.14649432797876752,0.39118618464072075,18.926954108802995,12.354458833199635
C09,23.319409765147828,16.82051282051282,543.7948717948718,-7.743589743589744,0.07019959605814168,0.3484937829601995,11.695905879096149,19.468074305379133
