Label,RMSE,MAE,MSE,Bias,R,Willmott Skill,Obs StdDev,Model StdDev
sat,24.023797725231894,17.428571428571427,577.1428571428571,-15.571428571428571,0.3754528565039651,0.5895377323183052,18.926954108802995,12.296714344631633
C09,13.40876100894008,10.461538461538462,179.7948717948718,-0.8205128205128205,0.3469243988516867,0.6067984037240344,11.695905879096149,11.725156286413773
