Label,RMSE,MAE,MSE,Bias,R,Willmott Skill,Obs StdDev,Model StdDev
sat,27.135901364375993,20.642857142857142,736.3571428571429,-17.928571428571427,0.22163941100668508,0.5044187620794867,18.926954108802995,12.814214046622332
C09,24.597268974941933,18.76923076923077,605.025641025641,-12.512820512820513,0.09713542081172197,0.3536515094070639,11.695905879096149,18.82652038541603
