Label,RMSE,MAE,MSE,Bias,R,Willmott Skill,Obs StdDev,Model StdDev
sat,24.748737341529164,18.071428571428573,612.5,-12.357142857142858,0.4286933761705329,0.6370197914596958,18.926954108802995,21.05241272711166
C09,24.597268974941933,18.76923076923077,605.025641025641,-12.512820512820513,0.09713542081172197,0.3536515094070639,11.695905879096149,18.82652038541603
