Label,RMSE,MAE,MSE,Bias,R,Willmott Skill,Obs StdDev,Model StdDev
sat,16.737468659951457,12.857142857142858,280.14285714285717,-6.142857142857143,0.581921362938922,0.7293202794996501,18.926954108802995,13.356378893354933
C09,13.40876100894008,10.461538461538462,179.7948717948718,-0.8205128205128205,0.3469243988516867,0.6067984037240344,11.695905879096149,11.725156286413773
