Label,RMSE,MAE,MSE,Bias,R,Willmott Skill,Obs StdDev,Model StdDev
sat,16.858656106412685,12.642857142857142,284.2142857142857,-8.928571428571429,0.6635152556558579,0.7630925996131152,18.926954108802995,14.552508725442552
C09,14.181063574448995,10.794871794871796,201.10256410256412,2.3333333333333335,0.2702185296573881,0.5579656047584606,11.695905879096149,11.458182265455651
