Label,RMSE,MAE,MSE,Bias,R,Willmott Skill,Obs StdDev,Model StdDev
sat,23.84473586709294,16.0,568.5714285714286,-13.0,0.43376695238724794,0.6276162052445355,18.926954108802995,18.637930383483887
C09,24.402605997867923,18.46153846153846,595.4871794871794,-11.58974358974359,0.1062564999026593,0.35786277839419567,11.695905879096149,19.295889742293447
